station_id,country_code,station_name,latitude,longitude,elevation,district,met_station_id
baka_agric_research,mw,BAKA AGRIC RESEARCH,-9.93,33.92,488,Karonga,
balaka_township,mw,BALAKA TOWNSHIP,-14.98,34.97,625,Balaka,
bolero,mw,BOLERO,-11.02,33.78,1100,Rumphi,
bvumbwe,mw,BVUMBWE,-15.92,35.07,1146,Thyolo,
bwengu_agric,mw,BWENGU AGRIC,-11.07,33.92,1052,Mzimba,
chancellor_college,mw,CHANCELLOR COLLEGE,-15.38,35.35,886,Zomba,
chichiri,mw,Chichiri,-15.7833,35.05,1141,Blantyre,
chichiri_met,mw,CHICHIRI MET,-15.78,35.05,1132,Blantyre,
chikangawa,mw,CHIKANGAWA,-11.85,33.8,1728,Mzimba,
chikwawa_boma,mw,CHIKWAWA BOMA,-16.0333,34.7833,107,Chikwawa,
chileka_agric_lilongwe,mw,CHILEKA AGRIC LILONGWE,-14.02,33.38,1158,Lilongwe,
chileka_airport,mw,CHILEKA AIRPORT,-15.67,34.97,767,Blantyre,
chingale,mw,CHINGALE,-15.37,35.25,610,Zomba,
chintheche_agric,mw,CHINTHECHE AGRIC,-11.83,34.17,480,Nkhata Bay,
chiradzulu_boma,mw,CHIRADZULU BOMA,-15.7,35.1833,1143,Chiradzulu,
chitala,mw,CHITALA,-13.68,34.25,606,Salima,
chitedze,mw,CHITEDZE,-13.97,33.63,1149,Lilongwe,
chitipa,mw,Chitipa,-9.7,33.2667,1278,Chitipa,
chitipa_aerodrome,mw,CHITIPA AERODROME,-9.7,33.27,1285,Chitipa,
dedza,mw,Dedza,-14.3167,34.25,1630,Dedza,
dedza_met,mw,DEDZA MET,-14.32,34.25,1632,Dedza,
dowa_agriculture,mw,DOWA AGRICULTURE,-13.65,33.93,1403,Dowa,
dwangwa,mw,DWANGWA,-12.48,34.08,488,Nkhotakota,
ekwendeni_agric,mw,EKWENDENI AGRIC,-11.37,33.88,1247,Mzimba,
emfeni_agric,mw,EMFENI AGRIC,-12.58,33.58,1097,Mzimba,
euthini,mw,EUTHINI,-11.45,33.42,1143,Mzimba,
kaluluma_agric,mw,KALULUMA AGRIC,-12.58,33.5,1189,Kasungu,
kamuzu_airport__kia_,mw,KAMUZU AIRPORT (KIA),-13.78,33.78,1229,Lilongwe,
karonga,mw,Karonga,-9.88333,33.95,529,Karonga,
karonga_airport,mw,KARONGA AIRPORT,-9.88,33.95,529,Karonga,
kasinthula,mw,KASINTHULA,-16.1,34.8,90,Chikwawa,
kasiya,mw,KASIYA,-13.77,33.53,1036,Lilongwe,
kasungu,mw,Kasungu,-13.0167,33.4667,1015,Kasungu,
kasungu_aerodrome,mw,KASUNGU AERODROME,-13.02,33.47,1028,Kasungu,
kia,mw,KIA,-13.7833,33.7833,1229,Lilongwe,
lifuwu_rice_research,mw,LIFUWU RICE RESEARCH,-13.67,34.58,488,Salima,
lupembe,mw,LUPEMBE,-10.07,33.97,488,Karonga,
madisi_agric,mw,MADISI AGRIC,-13.42,33.62,1113,Dowa,
makanjira,mw,MAKANJIRA,-13.7051,35.0376,,Mangochi,
makhanga,mw,MAKHANGA,-16.52,35.15,52,Nsanje,
makoka,mw,MAKOKA,-15.53,35.18,1029,Zomba,
malomo_agric,mw,MALOMO AGRIC,-13.13,33.83,1077,Ntchisi,
mangochi,mw,Mangochi,-14.4667,35.25,485,Mangochi,
mangochi_met,mw,MANGOCHI MET,-14.47,35.25,482,Mangochi,
masambanjati,mw,MASAMBANJATI,-16.22,35.12,959,Thyolo,
mbawa_agric_research,mw,MBAWA AGRIC RESEARCH,-12.12,33.4,1244,Mzimba,
mchinji_boma,mw,MCHINJI BOMA,-13.82,32.87,1350,Mchinji,
mimosa,mw,MIMOSA,-16.1,35.6,652,Mulanje,
mkanda_agric,mw,MKANDA AGRIC,-13.52,32.95,1219,Mchinji,
mlangeni_njolomole_agr,mw,MLANGENI NJOLOMOLE AGR,-14.68,34.53,1067,Ntcheu,
mombezi,mw,MOMBEZI,-15.73,35.12,884,Chiradzulu,
monkey_bay,mw,Monkey Bay,-14.0833,34.9167,474,Mangochi,
monkey_bay_met,mw,MONKEY BAY MET,-14.08,34.92,482,Mangochi,
mpemba_vet,mw,MPEMBA VET,-15.88,34.95,900,Blantyre,
mponela,mw,MPONELA,-13.53,33.75,1036,Dowa,
mulanje_boma,mw,MULANJE BOMA,-16.0667,35.5333,686,Mulanje,
mwanza_boma,mw,MWANZA BOMA,-15.65,34.98,678,Mwanza,
mwimba_agric_research,mw,MWIMBA AGRIC RESEARCH,-13.08,33.45,1097,Kasungu,
mzimba,mw,Mzimba,-11.9,33.6,1349,Mzimba,
mzimba_aerodrome,mw,MZIMBA AERODROME,-11.9,33.6,1349,Mzimba,
mzuzu,mw,Mzuzu,-11.4333,34.0167,1251,Mzimba,
mzuzu_aerodrome,mw,MZUZU AERODROME,-11.43,34.02,1254,Mzimba,
naminjiwa_agric_,mw,NAMINJIWA AGRIC.,-15.77,35.62,773,Phalombe,
namwera,mw,NAMWERA,-14.3531,35.4706,899,Mangochi,
nankumba,mw,NANKUMBA,-14.35,34.8,518,Mangochi,
nathenje,mw,NATHENJE,-14.08,33.92,1448,Lilongwe,
nchalo_sucoma,mw,NCHALO SUCOMA,-16.23,34.93,64,Chikwawa,
neno_boma,mw,NENO BOMA,-15.4,34.65,899,Neno,
ngabu,mw,Ngabu,-16.5,34.95,102,Chikwawa,
ngabu_met,mw,NGABU MET,-16.5,34.95,102,Chikwawa,
nkhata_bay,mw,Nkhata Bay,-11.6,34.3,500,Nkhata Bay,
nkhatabay_met,mw,NKHATABAY MET,-11.6,34.3,500,Nkhata Bay,
nkhotakota,mw,Nkhotakota,-12.9167,34.2833,500,Nkhotakota,
nkhotakota_aerodrome,mw,NKHOTAKOTA AERODROME,-12.92,34.28,500,Nkhotakota,
nsanje,mw,NSANJE,-16.95,35.27,60,Nsanje,
ntaja,mw,Ntaja,-14.8667,35.5333,740,Mahinga,
ntaja_met,mw,NTAJA MET,-14.87,35.53,731,Machinga,
ntcheu_nkhande,mw,NTCHEU NKHANDE,-14.78,34.58,1162,Ntcheu,
ntchisi_agric,mw,NTCHISI AGRIC,-13.3,34.2,1350,Ntchisi,
phalula_agric,mw,PHALULA AGRIC,-15.22,34.95,579,Balaka,
rumphi_boma,mw,RUMPHI BOMA,-11.03,33.87,1067,Rumphi,
salima,mw,Salima,-13.75,34.5833,513,Salima,
salima_airport,mw,SALIMA AIRPORT,-13.75,34.58,512,Salima,
tembwe_agric,mw,TEMBWE AGRIC,-13.92,33.07,1097,Mchinji,
thuchila_agric,mw,THUCHILA AGRIC,-15.95,35.25,701,Mulanje,
thyolo_met,mw,THYOLO MET,-16.13,35.13,820,Thyolo,
vinthukutu_agric,mw,VINTHUKUTU AGRIC,-10.42,34.2,579,Karonga,
walkers_ferry,mw,WALKERS FERRY,-15.52,34.83,394,Blantyre,
zomba_agric_new_,mw,ZOMBA AGRIC(NEW),-15.4,35.32,915,Zomba,
kasungu,mw_workshops,Kasungu,-13.02,33.47,1300,Kasungu,
nkhotakota,mw_workshops,Nkhotakota,-12.9,34.28,500,Nhkotakota,
chinsali_ftc,zm,CHINSALI FTC,-10.5615,32.0563,1404,CHINSALI,
chipata_met,zm,CHIPATA MET,-13.55,32.58,1032,CHIPATA,CHIPAT01
chipepo_met,zm,CHIPEPO MET,-15.79,28.14,488,GWEMBE,
choma_met,zm,CHOMA MET,-16.85,27.06,1267,CHOMA,
isoka_met,zm,ISOKA MET,-10.16,32.63,1360,ISOKA,
kabompo_met,zm,KABOMPO MET,-13.6,24.2,1075,KABOMPO,
kabwe_agro,zm,KABWE AGRO,-14.44,28.46,1204,KABWE,
kabwe_met,zm,KABWE MET,-14.41,28.48,1165,KABWE,
kafironda_agromet,zm,KAFIRONDA AGROMET,-12.6,28.11,1243,MUFULIRA,
kafue_polder,zm,KAFUE POLDER,-15.76,27.91,987,MAZABUKA,
kalabo_met,zm,KALABO MET,-14.95,22.7,1053,KALABO,
kaoma_met,zm,KAOMA MET,-14.8,24.8,1152,KAOMA,
kasama_met,zm,KASAMA MET,-10.21,31.13,1384,KASAMA,
kasempa_met,zm,KASEMPA MET,-13.53,25.85,1134,KASEMPA,
kawambwa_met,zm,KAWAMBWA MET,-9.8,29.08,1324,KAWAMBWA,
livingstone_met,zm,LIVINGSTONE MET,-17.81,25.81,986,LIVINGSTONE,
lundazi_met,zm,LUNDAZI MET,-12.28,33.2,1143,LUNDAZI,LUNDAZ01
lusaka_city_airpor,zm,LUSAKA CITY AIRPOR,-15.41,28.31,1252,LUSAKA,
lusaka_int__airpor,zm,LUSAKA INT. AIRPOR,-15.31,28.45,1154,LUSAKA,
lusaka_int_airpor,zm,LUSAKA INT. AIRPOR,-15.31,28.45,1154,LUSAKA,
lusitu_met,zm,LUSITU MET,-16.18,28.82,,SIAVONGA,
magoye_agromet,zm,MAGOYE AGROMET,-16.13,27.63,1018,MONZE,
mansa_agro,zm,MANSA AGRO,-11.24,28.95,1238,MANSA,
mansa_met,zm,MANSA MET,-11.1,28.85,1259,MANSA,
mbala_met,zm,MBALA MET,-8.85,31.33,1673,MBALA,
mfuwe_met,zm,MFUWE MET,-13.26,31.93,570,MAMBWE,MFUWE001
misamfu_agromet,zm,MISAMFU AGROMET,-10.18,31.21,1535,KASAMA,
mkushi_met,zm,MKUSHI MET,-14,30.33,1250,MKUSHI,
mongu_met,zm,MONGU MET,-15.25,23.15,1053,MONGU,
mpika_met,zm,MPIKA MET,-11.75,31.43,1402,MPIKA,
mpulungu_met,zm,MPULUNGU MET,-8.76,31.1,,Mpulungu,
msekera_agromet,zm,MSEKERA AGROMET,-13.65,32.56,1025,CHIPATA,MSEKER01
mt_makulu_agrome,zm,MT MAKULU AGROME,-15.55,28.25,1213,CHILANGA,
mumbwa_met,zm,MUMBWA MET,-14.98,27.06,1218,MUMBWA,
muyombe_camp,zm,Muyombe camp,-10.59,33.46,,Mafinga,
mwinilunga_met,zm,MWINILUNGA MET,-11.75,24.43,1363,MWINILUNGA,
ndola_met,zm,NDOLA MET,-13,28.65,1270,NDOLA,
petauke_met,zm,PETAUKE MET,-14.25,31.28,1036,PETAUKE,PETAUK01
samfya_met,zm,SAMFYA MET,-11.35,29.53,1172,SAMFYA,
senanga_met,zm,SENANGA MET,-16.11,23.26,1027,SENANGA,
serenje_agro_met,zm,SERENJE AGRO MET,-13.23,30.21,1384,SERENJE,
sesheke_met,zm,SESHEKE MET,-17.46,24.3,951,SESHEKE,
simon_mwansa_kapwepwe,zm,SIMON MWANSA KAPWEPWE,-12.9674,28.5148,1324,Ndola,
solwezi_met,zm,SOLWEZI MET,-12.18,26.38,1333,SOLWEZI,
zambezi_met,zm,ZAMBEZI MET,-13.53,23.11,1078,ZAMBEZI,
chipata_met,zm_workshops,Chipata Met,-13.6,32.6,1025,Chipata,
lundazi_met,zm_workshops,Lundazi Met,-12.28,33.2,1143,Lundazi,
mansa_met,zm_workshops,MANSA MET,-11.1,28.85,1259,Mansa,
mfuwe_met,zm_workshops,Mfuwe Met,-13.26,31.93,570,Mambwe,
msekera_agromet,zm_workshops,Msekera Agromet,-13.65,32.56,1025,Chipata,
petauke_met,zm_workshops,Petauke Met,-14.25,31.28,1036,Petauke,
beitbridge_met,zw,BEITBRIDGE (MET),-22.217,30,456,Matabeleland South,67991020
buffalo_range_met,zw,BUFFALO RANGE (MET),-21.017,31.583,429,Masvingo,67977040
buhera_met,zw,BUHERA (MET),-19.317,31.433,1192,Manicaland,67875010
chipinge_met,zw,CHIPINGE (MET),-20.2,32.617,1131,Manicaland,67983030
chisengu_met,zw,CHISENGU (MET),-19.883,32.883,1483,Manicaland,67897020
chisumbanje_met,zw,CHISUMBANJE (MET),-20.8,32.233,421,Manicaland,67985020
kezi_met,zw,KEZI (MET),-20.92,28.45,1015,Matabeleland South,67961020
makoholi_exp_station_met,zw,MAKOHOLI EXP. STATION (MET),-19.833,30.783,1204,Masvingo,67879020
masvingo_airport_met,zw,MASVINGO AIRPORT (MET),-20.067,30.867,1094,Masvingo,67975040
matopos_res_stn_met,zw,MATOPOS RES. STN. (MET),-20.4,28.467,1338,Matabeleland South,67963040
mt_darwin,zw,Mt Darwin,-16.783,31.583,,Mashonaland Central,
nyanga_exp_stn_met,zw,NYANGA EXP. STN. (MET),-18.283,32.75,1878,Manicaland,67889030
plumtree_met,zw,PLUMTREE (MET),-20.48,27.8,1390,Matabeleland South,67951020
rupike_irrigation_scheme_met,zw,RUPIKE IRRIGATION SCHEME (MET),-20.55,31.083,700,Masvingo,67976010
rusape_met,zw,RUSAPE (MET),-18.533,32.133,1430,Manicaland,67881040
west_nicholson_met,zw,WEST NICHOLSON (MET),-21.05,29.367,860,Matabeleland South,67969020
zaka_met,zw,ZAKA (MET),-20.333,31.467,774,Masvingo,67979020