crop,variety,maturity_period,days_lower,days_upper,additional_info,additional_data,country_code
beans,BUNDA-93,,90,90,,{},mw
beans,BWENZILA-ANA,,85,85,,{},mw
beans,CHIMBAMBA,,90,90,,"{""days_comment"":""Noted ranges across stations: 90-90 (23 stations); 85-85 (9 stations)""}",mw
beans,KALIMA,,90,90,,{},mw
beans,KALINTSIRO,,90,90,,{},mw
beans,KANZAMA,,95,95,,{},mw
beans,KHOLOPHETE,,95,95,,"{""days_comment"":""Noted ranges across stations: 95-95 (23 stations); 80-80 (5 stations)""}",mw
beans,NAMAJENGO,,90,90,,{},mw
beans,NAPILIRA,,90,90,,{},mw
beans,NASAKA,,80,80,,{},mw
beans,NUA,,70,70,,{},mw
beans,SAPEREKEDWA,,90,90,,{},mw
cassava,CHAMANDANDA,,360,360,,"{""days_comment"":""Noted ranges across stations: 360-360 (18 stations); 300-300 (8 stations); 450-450 (2 stations: salima--airport_met, salima--chitala_met)""}",mw
cassava,FAYA-14-M-49,,150,150,,{},mw
cassava,KALAWE,,360,360,,"{""days_comment"":""Noted ranges across stations: 360-360 (18 stations); 300-300 (8 stations); 450-450 (2 stations: salima--airport_met, salima--chitala_met)""}",mw
cassava,MANYOKOLA,,360,360,,"{""days_comment"":""Noted ranges across stations: 360-360 (18 stations); 300-300 (8 stations); 450-450 (2 stations: salima--airport_met, salima--chitala_met)""}",mw
cassava,MPALE,,360,360,,"{""days_comment"":""Noted ranges across stations: 360-360 (18 stations); 300-300 (8 stations); 450-450 (2 stations: salima--airport_met, salima--chitala_met)""}",mw
cassava,MTUPATUPA,,130,130,,{},mw
cassava,SAGONJA,,450,450,,{},mw
cassava,SAUTI,,450,450,,{},mw
cotton,MAHYCO-570,,170,170,,{},mw
cotton,MAHYCO-571,,170,170,,{},mw
cotton,MAHYCO-C-569,,170,170,,{},mw
cotton,MAHYCO-C-577,,160,160,,{},mw
cowpeas,IT-82E-16,,90,90,,{},mw
cowpeas,NKANAUFITI,,90,90,,{},mw
cowpeas,OCEPARA-4,,95,95,,{},mw
cowpeas,SANTA-ROSA,,95,95,,{},mw
cowpeas,SUDAN-1,,90,90,,{},mw
groundnuts,BAKA,,120,120,,{},mw
groundnuts,CG-10,,130,130,,"{""days_comment"":""Noted ranges across stations: 130-130 (23 stations); 110-110 (3 stations: salima--airport_met, salima--chipoka_met, salima--chitala_met)""}",mw
groundnuts,CG-11,,130,130,,"{""days_comment"":""Noted ranges across stations: 130-130 (23 stations); 110-110 (3 stations: salima--airport_met, salima--chipoka_met, salima--chitala_met)""}",mw
groundnuts,CG-12,,100,100,,"{""days_comment"":""Noted ranges across stations: 100-100 (23 stations); 110-110 (3 stations: salima--airport_met, salima--chipoka_met, salima--chitala_met)""}",mw
groundnuts,CG-13,,110,110,,{},mw
groundnuts,CG-14,,110,110,,{},mw
groundnuts,CG-7,,105,105,,"{""days_comment"":""Noted ranges across stations: 105-105 (27 stations); 130-130 (2 stations: chikwawa--mitole, chikwawa--mitole_met_station); 110-110 (1 station: salima--chipoka_met)""}",mw
groundnuts,CG-8,,110,110,,{},mw
groundnuts,CG-9,,130,130,,"{""days_comment"":""Noted ranges across stations: 130-130 (23 stations); 110-110 (3 stations: salima--airport_met, salima--chipoka_met, salima--chitala_met)""}",mw
groundnuts,CHALIMBANA,,140,140,,"{""days_comment"":""Noted ranges across stations: 140-140 (23 stations); 150-150 (6 stations); 130-130 (2 stations: chikwawa--mitole, chikwawa--mitole_met_station)""}",mw
groundnuts,CHITALA,,100,100,,{},mw
groundnuts,G-7,,140,140,,{},mw
groundnuts,KAKOMA,,120,120,,{},mw
groundnuts,LOCAL-VARIETY,,115,115,,{},mw
groundnuts,MALIMBA,,120,120,,"{""days_comment"":""Noted ranges across stations: 120-120 (2 stations: chapananga--chapananga, chikwawa--chapananga); 100-100 (2 stations: chikwawa--mitole, chikwawa--mitole_met_station); 85-85 (1 station: chikwawa--nchalo)""}",mw
groundnuts,MSINJIRO,,140,140,,"{""days_comment"":""Noted ranges across stations: 140-140 (17 stations); 120-120 (5 stations); 130-130 (4 stations: chiradzulu--mikolongwe, chiradzulu--mombezi, chiradzulu--mulombozi, chiradzulu--nalusu)""}",mw
maize,CAP-9001,,140,140,,{},mw
maize,CHITEDZE-2QPM,,140,140,,{},mw
maize,DK-777,,120,120,,"{""days_comment"":""Noted ranges across stations: 120-120 (17 stations); 140-140 (1 station: dedza--dedza); 160-160 (1 station: dedza--lobi)""}",mw
maize,DK-8031,,120,120,,"{""days_comment"":""Noted ranges across stations: 120-120 (19 stations); 115-115 (9 stations)""}",mw
maize,DK-8033,,110,110,,"{""days_comment"":""Noted ranges across stations: 110-110 (17 stations); 90-90 (8 stations); 100-100 (3 stations: salima--airport_met, salima--chipoka_met, salima--chitala_met)""}",mw
maize,DK-8053,,140,140,,{},mw
maize,DK-81-81,,140,140,,{},mw
maize,DK-9089,,130,130,,"{""days_comment"":""Noted ranges across stations: 130-130 (21 stations); 120-120 (7 stations)""}",mw
maize,DKC-8033,,120,120,,"{""days_comment"":""Noted ranges across stations: 120-120 (26 stations); 130-130 (4 stations: chiradzulu--mombezi, salima--airport_met, salima--chipoka_met, salima--chitala_met); 90-90 (2 stations: chapananga--chapananga, chikwawa--chapananga)""}",mw
maize,DKC-8071,,140,140,,{},mw
maize,DKC-8073,,140,140,,{},mw
maize,DKC-9089,,120,120,,{},mw
maize,KC-9089,,140,140,,{},mw
maize,MH-18,,120,120,,"{""days_comment"":""Noted ranges across stations: 120-120 (21 stations); 130-130 (6 stations)""}",mw
maize,MH-26,,140,140,,{},mw
maize,MH-27,,140,140,,{},mw
maize,MH-28,,140,140,,{},mw
maize,MH-30,,140,140,,{},mw
maize,MH-31,,140,140,,{},mw
maize,MH-32,,140,140,,{},mw
maize,MH-33,,140,140,,{},mw
maize,MH-34,,140,140,,{},mw
maize,MH-35,,140,140,,{},mw
maize,MH-36,,140,140,,{},mw
maize,MH-37,,140,140,,{},mw
maize,MH-38,,140,140,,{},mw
maize,MH-39A,,120,120,,"{""days_comment"":""Noted ranges across stations: 120-120 (23 stations); 130-130 (4 stations: chiradzulu--mombezi, salima--airport_met, salima--chipoka_met, salima--chitala_met)""}",mw
maize,MH-40A,,120,120,,"{""days_comment"":""Noted ranges across stations: 120-120 (23 stations); 130-130 (4 stations: chiradzulu--mombezi, salima--airport_met, salima--chipoka_met, salima--chitala_met)""}",mw
maize,MH-42A,,120,120,,"{""days_comment"":""Noted ranges across stations: 120-120 (23 stations); 130-130 (4 stations: chiradzulu--mombezi, salima--airport_met, salima--chipoka_met, salima--chitala_met)""}",mw
maize,MH-43A,,120,120,,"{""days_comment"":""Noted ranges across stations: 120-120 (23 stations); 130-130 (4 stations: chiradzulu--mombezi, salima--airport_met, salima--chipoka_met, salima--chitala_met)""}",mw
maize,MR-634,,135,135,,"{""days_comment"":""Noted ranges across stations: 135-135 (17 stations); 130-130 (2 stations: dedza--dedza, dedza--lobi)""}",mw
maize,MRI-455,,125,125,,{},mw
maize,MRI-514,,125,125,,{},mw
maize,MRI-614,,135,135,,"{""days_comment"":""Noted ranges across stations: 135-135 (17 stations); 130-130 (2 stations: dedza--dedza, dedza--lobi)""}",mw
maize,MRI-624,,135,135,,"{""days_comment"":""Noted ranges across stations: 135-135 (17 stations); 130-130 (2 stations: dedza--dedza, dedza--lobi)""}",mw
maize,MRI-744,,140,140,,{},mw
maize,P-3812W,,140,140,,{},mw
maize,PAN-12,,120,120,,"{""days_comment"":""Noted ranges across stations: 120-120 (17 stations); 110-110 (2 stations: dedza--dedza, dedza--lobi)""}",mw
maize,PAN-3M-01,,120,120,,"{""days_comment"":""Noted ranges across stations: 120-120 (17 stations); 130-130 (2 stations: dedza--dedza, dedza--lobi)""}",mw
maize,PAN-4M-19,,140,140,,"{""days_comment"":""Noted ranges across stations: 140-140 (27 stations); 110-110 (17 stations); 90-90 (8 stations); 100-100 (3 stations: salima--airport_met, salima--chipoka_met, salima--chitala_met)""}",mw
maize,PAN-4M-21,,130,130,,"{""days_comment"":""Noted ranges across stations: 130-130 (20 stations); 140-140 (4 stations: chiradzulu--mikolongwe, chiradzulu--mombezi, chiradzulu--mulombozi, chiradzulu--nalusu); 150-150 (1 station: nkhotakota--nkhotakota)""}",mw
maize,PAN-4M-2167,,140,140,,{},mw
maize,PAN-53,,130,130,,"{""days_comment"":""Noted ranges across stations: 130-130 (20 stations); 140-140 (6 stations); 145-145 (3 stations: chapananga--chapananga, chikwawa--chapananga, nkhotakota--nkhotakota)""}",mw
maize,PAN-57,,140,140,,"{""days_comment"":""Noted ranges across stations: 140-140 (23 stations); 145-145 (3 stations: chapananga--chapananga, chikwawa--chapananga, nkhotakota--nkhotakota); 130-130 (3 stations: salima--airport_met, salima--chipoka_met, salima--chitala_met)""}",mw
maize,PAN-5M-35,,130,130,,"{""days_comment"":""Noted ranges across stations: 130-130 (17 stations); 140-140 (2 stations: dedza--dedza, dedza--lobi)""}",mw
maize,PAN-63,,140,140,,"{""days_comment"":""Noted ranges across stations: 140-140 (23 stations); 145-145 (4 stations: chapananga--chapananga, chikwawa--chapananga, chikwawa--nchalo, nkhotakota--nkhotakota); 130-130 (3 stations: salima--airport_met, salima--chipoka_met, salima--chitala_met)""}",mw
maize,PAN-67,,130,130,,"{""days_comment"":""Noted ranges across stations: 130-130 (21 stations); 140-140 (6 stations); 90-90 (3 stations: chapananga--chapananga, chikwawa--chapananga, chiradzulu--mombezi); 135-135 (1 station: nkhotakota--nkhotakota)""}",mw
maize,PAN-6777,,110,110,,"{""days_comment"":""Noted ranges across stations: 110-110 (17 stations); 90-90 (7 stations); 100-100 (3 stations: salima--airport_met, salima--chipoka_met, salima--chitala_met)""}",mw
maize,PAN-77,,140,140,,"{""days_comment"":""Noted ranges across stations: 140-140 (19 stations); 90-90 (1 station: chiradzulu--mombezi)""}",mw
maize,PAN-7M-81,,140,140,,{},mw
maize,PAN-7M-89,,120,120,,"{""days_comment"":""Noted ranges across stations: 120-120 (24 stations); 130-130 (4 stations: chiradzulu--mombezi, salima--airport_met, salima--chipoka_met, salima--chitala_met)""}",mw
maize,PAN-8M-93,,120,120,,{},mw
maize,PEACOCK-10,,140,140,,{},mw
maize,PHB-30-D79,,135,135,,"{""days_comment"":""Noted ranges across stations: 135-135 (17 stations); 130-130 (2 stations: dedza--dedza, dedza--lobi)""}",mw
maize,PHB-30-G-19,,135,135,,"{""days_comment"":""Noted ranges across stations: 135-135 (17 stations); 130-130 (2 stations: dedza--dedza, dedza--lobi)""}",mw
maize,PHB-30D79,,130,130,,"{""days_comment"":""Noted ranges across stations: 130-130 (4 stations: chiradzulu--mikolongwe, chiradzulu--mombezi, chiradzulu--mulombozi, chiradzulu--nalusu); 140-140 (3 stations: salima--airport_met, salima--chipoka_met, salima--chitala_met); 135-135 (1 station: nkhotakota--nkhotakota)""}",mw
maize,PHB-30G19,,130,130,,"{""days_comment"":""Noted ranges across stations: 130-130 (4 stations: chiradzulu--mikolongwe, chiradzulu--mombezi, chiradzulu--mulombozi, chiradzulu--nalusu); 140-140 (3 stations: salima--airport_met, salima--chipoka_met, salima--chitala_met); 135-135 (1 station: nkhotakota--nkhotakota)""}",mw
maize,SC-301,,90,90,,"{""local_name"":""KALULU"",""days_comment"":""Noted ranges across stations: 90-90 (3 stations: salima--airport_met, salima--chipoka_met, salima--chitala_met); 80-80 (2 stations: chiradzulu--mikolongwe, chiradzulu--mombezi)""}",mw
maize,SC-303,,80,80,,"{""local_name"":""KALULU""}",mw
maize,SC-304,,90,90,,"{""local_name"":""KALULU"",""days_comment"":""Noted ranges across stations: 90-90 (19 stations); 80-80 (10 stations)""}",mw
maize,SC-403,,110,110,,"{""days_comment"":""Noted ranges across stations: 110-110 (17 stations); 90-90 (10 stations); 100-100 (3 stations: salima--airport_met, salima--chipoka_met, salima--chitala_met)""}",mw
maize,SC-419,,110,110,,"{""days_comment"":""Noted ranges across stations: 110-110 (17 stations); 90-90 (8 stations); 100-100 (3 stations: salima--airport_met, salima--chipoka_met, salima--chitala_met)""}",mw
maize,SC-423,,110,110,,"{""local_name"":""KANYANI"",""days_comment"":""Noted ranges across stations: 110-110 (17 stations); 90-90 (10 stations); 100-100 (3 stations: salima--airport_met, salima--chipoka_met, salima--chitala_met)""}",mw
maize,SC-513,,120,120,,"{""days_comment"":""Noted ranges across stations: 120-120 (24 stations); 130-130 (4 stations: chiradzulu--mombezi, salima--airport_met, salima--chipoka_met, salima--chitala_met)""}",mw
maize,SC-529,,130,130,,{},mw
maize,SC-537,,120,120,,"{""local_name"":""MBIDZI"",""days_comment"":""Noted ranges across stations: 120-120 (17 stations); 115-115 (11 stations)""}",mw
maize,SC-555,,130,130,,"{""local_name"":""NKANGO""}",mw
maize,SC-600,,130,130,,"{""local_name"":""NKANGO"",""days_comment"":""Noted ranges across stations: 130-130 (21 stations); 140-140 (3 stations: salima--airport_met, salima--chipoka_met, salima--chitala_met)""}",mw
maize,SC-627,,140,140,,"{""local_name"":""MKANGO""}",mw
maize,SC-653,,140,140,,"{""local_name"":""MKANGO""}",mw
maize,SC-719,,150,150,,"{""days_comment"":""Noted ranges across stations: 150-150 (21 stations); 160-160 (9 stations)""}",mw
maize,SC-725,,150,150,,"{""local_name"":""NJOVU"",""days_comment"":""Noted ranges across stations: 150-150 (21 stations); 160-160 (9 stations)""}",mw
maize,SC-729,,160,160,,{},mw
maize,ZM-309,,120,120,,"{""days_comment"":""Noted ranges across stations: 120-120 (22 stations); 115-115 (7 stations); 110-110 (1 station: nkhotakota--nkhotakota)""}",mw
maize,ZM-523,,120,120,,"{""days_comment"":""Noted ranges across stations: 120-120 (23 stations); 130-130 (4 stations: chiradzulu--mombezi, salima--airport_met, salima--chipoka_met, salima--chitala_met); 125-125 (3 stations: chapananga--chapananga, chikwawa--chapananga, chikwawa--nchalo)""}",mw
maize,ZM-623,,140,140,,{},mw
maize,ZM-721,,140,140,,{},mw
pearl-millet,FINGER-MILLET,,80,80,,"{""local_name"":""DOPALOPA, MAVOLI""}",mw
pearl-millet,PEARL-MILLET,,100,100,,"{""local_name"":""NYANKHOMBO, MTUPATUPA""}",mw
pigeon-peas,ICEAP-00040,,240,240,,"{""local_name"":""KACHANGU""}",mw
pigeon-peas,ICPL-87015,,125,125,,{},mw
pigeon-peas,ICPL-93026,,125,125,,{},mw
pigeon-peas,KACHANGU,,190,190,,"{""days_comment"":""Noted ranges across stations: 190-190 (7 stations); 240-240 (4 stations: chiradzulu--mombezi, salima--airport_met, salima--chipoka_met, salima--chitala_met)""}",mw
pigeon-peas,LOCAL-VARIETY,,120,120,,{},mw
pigeon-peas,MTHAWAJUNI,,160,160,,{},mw
pigeon-peas,MWAIWATHU-ALIMI,,180,180,,"{""local_name"":""ICEAP00557""}",mw
pigeon-peas,NTHAWA-JUNE,,120,120,,"{""days_comment"":""Noted ranges across stations: 120-120 (3 stations: chapananga--chapananga, chikwawa--chapananga, chikwawa--nchalo); 150-150 (2 stations: dedza--dedza, dedza--lobi)""}",mw
pigeon-peas,SAUMA,,270,270,,"{""days_comment"":""Noted ranges across stations: 270-270 (6 stations); 220-220 (5 stations)""}",mw
pigeon-peas,SESAME,,110,110,,{},mw
potato,BEMBEKE,,90,90,,{},mw
potato,CARDINAL-DESIREE,,90,90,,"{""days_comment"":""Noted ranges across stations: 90-90 (1 station: dedza--dedza); 120-120 (1 station: dedza--lobi)""}",mw
potato,CHUMA,,90,90,,{},mw
potato,ROSITA,,90,90,,"{""days_comment"":""Noted ranges across stations: 90-90 (1 station: dedza--dedza); 120-120 (1 station: dedza--lobi)""}",mw
potato,THANDIZO,,90,90,,{},mw
potato,VIOLET,,90,90,,{},mw
potato,ZIKOMO,,90,90,,{},mw
rice,CHIPIKA,,150,150,,{},mw
rice,FAYA,,90,90,,"{""days_comment"":""Noted ranges across stations: 90-90 (4 stations: nkhotakota--nkhotakota, salima--airport_met, salima--chipoka_met, salima--chitala_met); 110-110 (1 station: chikwawa--nchalo); 155-155 (1 station: nkhata_bay--mzenga_nkhtata_bay)""}",mw
rice,KAMCHIPUTU,,150,150,,{},mw
rice,KAPHULIRA,,105,105,,"{""days_comment"":""Noted ranges across stations: 105-105 (2 stations: chapananga--chapananga, chikwawa--chapananga); 115-115 (2 stations: chikwawa--mitole, chikwawa--mitole_met_station)""}",mw
rice,KENYA,,150,150,,{},mw
rice,KILOMBERO,,90,90,,"{""days_comment"":""Noted ranges across stations: 90-90 (4 stations: nkhotakota--nkhotakota, salima--airport_met, salima--chipoka_met, salima--chitala_met); 110-110 (1 station: chikwawa--nchalo); 155-155 (1 station: nkhata_bay--mzenga_nkhtata_bay)""}",mw
rice,MUGAMBA,,150,150,,{},mw
rice,NALIYETA,,100,100,,{},mw
rice,NERICA,,100,100,,"{""local_name"":""UPLAND RICE"",""days_comment"":""Noted ranges across stations: 100-100 (4 stations: nkhotakota--nkhotakota, salima--airport_met, salima--chipoka_met, salima--chitala_met); 115-115 (1 station: chikwawa--nchalo); 120-120 (1 station: nkhata_bay--mzenga_nkhtata_bay)""}",mw
rice,NYAMOYO,,150,150,,{},mw
rice,PILIRA-1,,90,90,,{},mw
rice,PILIRA-2,,90,90,,{},mw
rice,SALERA,,150,150,,{},mw
rice,SEMUSA,,150,150,,{},mw
sesame,LOCAL,,120,120,,{},mw
sorghum,PILIRA-1,,120,120,,"{""local_name"":""SPV 351""}",mw
sorghum,PILIRA-2,,120,120,,"{""local_name"":""SPV 475""}",mw
soya-beans,BOSSIER,,95,95,,{},mw
soya-beans,DAVIS,,95,95,,{},mw
soya-beans,DUOCROP,,100,100,,{},mw
soya-beans,GEDULD,,90,90,,{},mw
soya-beans,HARDEE,,95,95,,{},mw
soya-beans,IMPALA,,95,95,,{},mw
soya-beans,LOCAL-V,,90,90,,{},mw
soya-beans,MAKWACHA,,130,130,,"{""days_comment"":""Noted ranges across stations: 130-130 (17 stations); 95-95 (5 stations); 140-140 (4 stations: chiradzulu--mombezi, salima--airport_met, salima--chipoka_met, salima--chitala_met); 90-90 (2 stations: dedza--dedza, dedza--lobi)""}",mw
soya-beans,NASOKO,,130,130,,"{""days_comment"":""Noted ranges across stations: 130-130 (17 stations); 140-140 (3 stations: salima--airport_met, salima--chipoka_met, salima--chitala_met)""}",mw
soya-beans,OCEPARA-4,,130,130,,"{""days_comment"":""Noted ranges across stations: 130-130 (17 stations); 95-95 (5 stations); 100-100 (2 stations: dedza--dedza, dedza--lobi); 110-110 (1 station: salima--chipoka_met)""}",mw
soya-beans,OCEPARA-427/5/6,,100,100,,{},mw
soya-beans,OCEPARA-501/6/12,,100,100,,{},mw
soya-beans,PAN-1867,,120,120,,{},mw
soya-beans,SANTA-ROSA,,95,95,,"{""days_comment"":""Noted ranges across stations: 95-95 (5 stations); 100-100 (2 stations: dedza--dedza, dedza--lobi)""}",mw
soya-beans,SANTA-ROSA-TIKOLORE,,110,110,,{},mw
soya-beans,SC-SEQUEL,,130,130,,{},mw
soya-beans,SC-SERENADA,,120,120,,{},mw
soya-beans,SC-SERENADE,,120,120,,{},mw
soya-beans,SC-SQUIRE,,130,130,,{},mw
soya-beans,SOLITAIRE,,130,130,,{},mw
soya-beans,SOPRANO,,120,120,,{},mw
soya-beans,TIKOLORE,,110,110,,"{""days_comment"":""Noted ranges across stations: 110-110 (19 stations); 95-95 (5 stations); 90-90 (2 stations: dedza--dedza, dedza--lobi); 140-140 (1 station: chiradzulu--mombezi)""}",mw
sweet-potatoes,ANAAKWANIRE,,150,150,,{},mw
sweet-potatoes,CHIPIKA,,150,150,,{},mw
sweet-potatoes,KADYAUBWELERE,,150,150,,{},mw
sweet-potatoes,KAKOMA,,150,150,,{},mw
sweet-potatoes,KAPHULIRA,,105,105,,{},mw
sweet-potatoes,KENYA,,150,150,,{},mw
sweet-potatoes,MATHUTHU,,150,150,,{},mw
sweet-potatoes,MUGAMBA,,150,150,,{},mw
sweet-potatoes,NYAMOYO,,150,150,,{},mw
sweet-potatoes,SAKANANTHAKA,,150,150,,{},mw
sweet-potatoes,SALERA,,150,150,,{},mw
sweet-potatoes,SEMUSA,,150,150,,{},mw
sweet-potatoes,SUNGANI,,150,150,,{},mw
sweet-potatoes,ZONDENI,,150,150,,{},mw
beans,CHAMBESHI,early,85,90,,{},zm
beans,CHAMBISHI,early,80,85,,{},zm
beans,CHIPOLOPOLO,early,85,90,,{},zm
beans,KABULANGETI,early,75,80,,{},zm
beans,KALUNGU,early,85,90,,{},zm
beans,KAMPEMBA,early,85,90,,{},zm
beans,LUANGENI,early,95,100,,{},zm
beans,LUKUPA,early,75,80,,{},zm
beans,LUNGWE-BUNGWE,early,85,90,,{},zm
beans,LUSAKA,early,85,90,,{},zm
beans,LWANGENI,early,95,100,,{},zm
beans,LYAMBAI,early,85,90,,{},zm
beans,MBERESHI,early,80,85,,{},zm
beans,MENSO-PANSAKA,early,85,90,,{},zm
beans,POMBA,early,85,90,,{},zm
beans,SOLWEZI,early,85,90,,{},zm
beans,SUGAR-BEANS,early,85,115,,{},zm
beans,WHITE-(KALUNGU),early,75,80,,{},zm
cotton,CDT-II,late,140,160,,{},zm
cotton,CHURAZA,medium,135,150,,{},zm
cotton,F135,medium,135,140,,{},zm
cowpeas,BLACK-EYED,early,60,70,,{},zm
cowpeas,BROWN-EYED,early,60,70,,{},zm
cowpeas,BUBEBE,early,63,70,,{},zm
cowpeas,CHIPINI,early,63,70,,{},zm
cowpeas,LUTEMBWE,early,110,115,,{},zm
cowpeas,MUSANDILE,early,60,70,,{},zm
cowpeas,NAMUSEBA,early,60,70,,{},zm
cowpeas,RED-EYE,early,60,70,,{},zm
groundnuts,CHALIMBANA,medium,130,140,,{},zm
groundnuts,CHAMPION,early,90,100,,{},zm
groundnuts,CHIPEGO,early,90,100,,{},zm
groundnuts,CHISHANGO,early,90,100,,{},zm
groundnuts,KACHOLOLO,early,90,100,,{},zm
groundnuts,KARIBA,early,90,100,,{},zm
groundnuts,LUPANDE,early,90,100,,{},zm
groundnuts,MAKULU-RED,early,125,130,,{},zm
groundnuts,MGV4,medium,130,140,,{},zm
groundnuts,MGV5,early,125,130,,{},zm
groundnuts,MGV8,medium,120,130,,{},zm
groundnuts,NACHIKONDO,early,90,100,,{},zm
groundnuts,NATAL-COMMON,early,90,100,,{},zm
groundnuts,SOLONTONI,early,90,100,,{},zm
groundnuts,WAMUSANGA,early,85,90,,{},zm
maize,ADV-637,medium,130,135,,{},zm
maize,ADV2302,early,120,130,,{},zm
maize,ADV637,medium,130,135,,{},zm
maize,ADV657,medium,120,130,,{},zm
maize,AF635,medium,120,130,,{},zm
maize,AF638,medium,120,130,,{},zm
maize,AMAC-612,medium,140,140,,{},zm
maize,AMAC-614,medium,130,135,,{},zm
maize,AMAC-616,medium,145,145,,{},zm
maize,DK777,early,115,120,,{},zm
maize,DKC-80-23,early,110,120,,{},zm
maize,DKC7500,medium,125,130,,{},zm
maize,DKC80-33,early,110,115,,{},zm
maize,DKC90-89,early,120,130,,{},zm
maize,ETG-401,early,100,110,,{},zm
maize,ETG-601,medium,125,130,,{},zm
maize,ETG-M-601,early,125,130,,{},zm
maize,ETG-M401,early,100,110,,{},zm
maize,GANKANTA,late,140,155,,{},zm
maize,GANKATA,late,140,155,,{},zm
maize,GV635,early,115,120,,{},zm
maize,GV637,medium,130,135,,{},zm
maize,GV638,early,115,120,,{},zm
maize,GV640A,medium,135,140,,{},zm
maize,GV672A,medium,120,130,,{},zm
maize,GV673A,medium,120,135,,{},zm
maize,K2-603,medium,130,130,,{},zm
maize,KAFWEMBA,late,130,140,,{},zm
maize,KAM-601,medium,135,145,,{},zm
maize,KAM-602,early,120,125,,{},zm
maize,KAM-617,early,120,130,,{},zm
maize,KAM-618,medium,120,130,,{},zm
maize,KKS-601,medium,140,140,,{},zm
maize,KKS-603,early,120,130,,{},zm
maize,KKS-609,medium,132,145,,{},zm
maize,KKS501,early,115,125,,{},zm
maize,KKS607,medium,110,129,,{},zm
maize,KKS609,medium,132,145,,{},zm
maize,LAKE-401,early,120,125,,{},zm
maize,LAKE-501,early,120,125,,{},zm
maize,LAKE-601,medium,135,140,,{},zm
maize,LAKE-606,medium,125,130,,{},zm
maize,M-401,early,100,110,,{},zm
maize,M-601,medium,125,130,,{},zm
maize,MRI-514,early,125,130,,{},zm
maize,MRI-624,medium,130,135,,{},zm
maize,MRI-634,medium,130,135,,{},zm
maize,MRI514,early,125,130,,{},zm
maize,MRI624,medium,130,135,,{},zm
maize,P-3812,medium,135,145,,{},zm
maize,P-3812W,medium,135,145,,{},zm
maize,P2848W,early,110,115,,{},zm
maize,P3506,medium,135,135,,{},zm
maize,P3506W,medium,125,135,,{},zm
maize,P3812W,medium,135,145,,{},zm
maize,PAN-3M-05,early,100,100,,{},zm
maize,PAN-413,early,110,115,,{},zm
maize,PAN-4M-11,early,110,115,,{},zm
maize,PAN-4M-23,early,110,115,,{},zm
maize,PAN-53,early,125,130,,{},zm
maize,PAN-7M-81,medium,130,135,,{},zm
maize,PAN-7M-83,medium,125,135,,{},zm
maize,PAN3M-05,early,95,100,,{},zm
maize,PAN7M-81,medium,120,145,,{},zm
maize,PAN7M-83,medium,125,135,,{},zm
maize,PHB-30G19,early,110,130,,{},zm
maize,PHB-3812,medium,135,145,,{},zm
maize,PHB30G19,early,110,130,,{},zm
maize,PIONEER-2809-W,early,128,128,,{},zm
maize,PIONEER-30G19,medium,130,130,,{},zm
maize,SC-303,early,90,100,,{},zm
maize,SC-403,early,115,130,,{},zm
maize,SC-411,early,115,120,,{},zm
maize,SC-419,early,120,130,,{},zm
maize,SC-513,early,127,130,,{},zm
maize,SC-555,early,127,130,,{},zm
maize,SC-608,medium,135,140,,{},zm
maize,SC-627,medium,130,135,,{},zm
maize,SC-633,medium,130,135,,{},zm
maize,SC-637,medium,130,135,,{},zm
maize,SC-647,medium,130,135,,{},zm
maize,SC-657,medium,130,140,,{},zm
maize,SC-719,late,145,150,,{},zm
maize,SC-721,late,135,140,,{},zm
maize,SC-727,late,150,155,,{},zm
maize,SC-733,late,135,145,,{},zm
maize,SC304,early,60,80,Kalulu,{},zm
maize,SC657,medium,130,140,,{},zm
maize,SEEDCO-303,early,90,110,,{},zm
maize,SEEDCO-403,early,125,127,,{},zm
maize,SEEDCO-419,early,125,128,,{},zm
maize,SEEDCO-513,medium,127,130,,{},zm
maize,SEEDCO-555,medium,127,130,,{},zm
maize,SEEDCO-633,medium,130,135,,{},zm
maize,SEEDCO-637,medium,130,135,,{},zm
maize,SEEDCO-647,medium,130,135,,{},zm
maize,SEEDCO-657,medium,130,135,,{},zm
maize,SEEDCO-719,late,140,145,,{},zm
maize,SEEDCO-727,late,148,150,,{},zm
maize,SEEDCO-733,late,145,150,,{},zm
maize,SY-4052,early,110,125,,{},zm
maize,SY-5054,early,125,130,,{},zm
maize,SY-5944,early,125,130,,{},zm
maize,SY-6250,medium,130,135,,{},zm
maize,SY-6444,medium,130,135,,{},zm
maize,SY4052,early,110,125,,{},zm
maize,SY5054,early,125,130,,{},zm
maize,SY5944,early,125,130,,{},zm
maize,SY6444,medium,130,135,,{},zm
maize,WH-101,early,105,120,,{},zm
maize,WH-403,early,115,130,,{},zm
maize,WH-504,medium,120,130,,{},zm
maize,WH-507,early,120,130,,{},zm
maize,WH-509,medium,120,130,,{},zm
maize,WH101,early,105,120,,{},zm
maize,ZARI10,early,90,95,,{},zm
maize,ZM-405,early,100,105,,{},zm
maize,ZM-451,early,110,120,,{},zm
maize,ZM-521,early,120,130,,{},zm
maize,ZM-621,medium,130,135,,{},zm
maize,ZM601,medium,120,130,,{},zm
maize,ZMS-301,early,75,80,,{},zm
maize,ZMS-328,early,95,105,,{},zm
maize,ZMS-405,early,100,105,,{},zm
maize,ZMS-415,early,110,115,,{},zm
maize,ZMS-419,early,110,120,,{},zm
maize,ZMS-421,early,110,120,,{},zm
maize,ZMS-520,early,120,125,,{},zm
maize,ZMS-606,medium,125,130,,{},zm
maize,ZMS-608Y,medium,130,135,,{},zm
maize,ZMS-616,medium,110,125,,{},zm
maize,ZMS-620,medium,130,135,,{},zm
maize,ZMS-638,medium,125,130,,{},zm
maize,ZMS-647,medium,120,130,,{},zm
maize,ZMS-664A,medium,120,130,,{},zm
maize,ZMS-720,late,140,150,,{},zm
maize,ZMS-721,late,140,150,,{},zm
millet,CHIBULI,medium,110,125,,{},zm
millet,DORA,early,110,125,,{},zm
millet,FINGER,medium,105,150,,{},zm
millet,KAUFELA,early,110,125,,{},zm
millet,KUOMBOKA,early,110,125,,{},zm
millet,LOCAL,early,110,125,,{},zm
millet,LUBASI,early,110,125,,{},zm
millet,MABUTILA,early,110,125,,{},zm
millet,MUBUTILA,medium,110,125,,{},zm
millet,MUTUBILA,medium,110,125,,{},zm
millet,NAMWENYA,medium,110,125,,{},zm
millet,NSENGA,medium,110,125,,{},zm
millet,NYIKA,medium,110,125,,{},zm
millet,PEARL,early,75,85,,{},zm
millet,SEPO,early,110,125,,{},zm
millet,TUSO,early,110,125,,{},zm
rice,KABUNDI,medium,125,130,,{},zm
rice,KILOMBELO,early,120,125,,{},zm
rice,KULA-NA-BWANA,medium,125,130,,{},zm
rice,MONGU,medium,120,130,,{},zm
rice,MONGU-,medium,110,120,,{},zm
rice,MUZENGA,medium,120,130,,{},zm
rice,NERICA-4,early,120,130,,{},zm
rice,SUPER,early,110,120,,{},zm
rice,TOSIKI,medium,125,130,,{},zm
rice,XIANGZOG,medium,110,120,,{},zm
sorghum,KAFWAMBA,late,100,110,,{},zm
sorghum,KUYUMA,early,100,110,,{},zm
sorghum,LOCAL,late,130,140,,{},zm
sorghum,MAKOMBE,early,100,110,,{},zm
sorghum,MMSH,early,110,120,,{},zm
sorghum,NSIMA,early,110,120,,{},zm
sorghum,SHAKU,early,110,120,,{},zm
sorghum,SIMA,early,110,120,,{},zm
sorghum,WSV,early,110,120,,{},zm
sorghum,ZSV-15,early,120,125,,{},zm
sorghum,ZSV-16,early,120,125,,{},zm
sorghum,ZSV-36,early,120,125,,{},zm
sorghum,ZSV-36R,medium,100,110,,{},zm
sorghum,ZSV17,early,128,135,,{},zm
soya-beans,DINA,late,135,140,,{},zm
soya-beans,KAFUE,early,90,120,,{},zm
soya-beans,KALEYA,early,120,125,,{},zm
soya-beans,KARIBA,early,125,135,,{},zm
soya-beans,LUKANGA,medium,130,135,,{},zm
soya-beans,MAGOYE,early,125,135,,{},zm
soya-beans,MWENEZI,medium,120,130,,{},zm
soya-beans,SAFARI,medium,120,125,,{},zm
soya-beans,SC-SPIKE,medium,125,125,,{},zm
soya-beans,SPIKE,early,120,125,,{},zm
sunflower,CH258,early,100,120,,{},zm
sunflower,MILIKA,early,100,110,,{},zm
sunflower,RECORD,early,110,120,,{},zm
sunflower,SAONA,early,80,120,,{},zm
sweet-potatoes,BANDAWE,early,90,120,,{},zm
sweet-potatoes,CHINGOVWA,early,85,120,,{},zm
sweet-potatoes,CHIWOKO,early,90,120,,{},zm
sweet-potatoes,GARNET,early,85,120,,{},zm
sweet-potatoes,KAPIRI,early,85,120,,{},zm
sweet-potatoes,KAPOKOLA,early,85,120,,{},zm
sweet-potatoes,MAKENI,early,85,120,,{},zm
sweet-potatoes,MAKONONGO,early,85,120,,{},zm
sweet-potatoes,MUDAWILA,early,85,120,,{},zm
sweet-potatoes,MULUNGUSHI,early,85,120,,{},zm
sweet-potatoes,MUNUNSHI,early,85,120,,{},zm
sweet-potatoes,MWANIBYALILANJI,early,85,120,,{},zm
sweet-potatoes,OFSP,early,85,120,,{},zm
sweet-potatoes,OLYMPIA,early,85,120,,{},zm
sweet-potatoes,ORANGE,early,85,120,,{},zm
sweet-potatoes,ORANGE-CHINGOVWA,early,85,120,,{},zm
sweet-potatoes,ORANGE-FLESHED,early,85,120,,{},zm
sweet-potatoes,ZAMBEZI,early,85,120,,{},zm
tobacco,BARLEY,medium,130,130,,{},zm
tobacco,VIRGINIA,medium,130,130,,{},zm
beans,BOUNTY,early,75,75,Masvingo,{},zw
beans,CARDINAL,early,75,75,Masvingo,{},zw
beans,KWARE,early,75,75,Masvingo,{},zw
beans,SC-SHARP,early,75,75,Masvingo,{},zw
cotton,ALBAR,late,120,150,Masvingo,{},zw
cotton,G51,late,120,150,Masvingo,{},zw
cowpeas,CBC-2,early,75,80,Masvingo,{},zw
cowpeas,CBC1,early,75,80,Masvingo,{},zw
cowpeas,IT-18,early,75,80,Masvingo,{},zw
groundnuts,MAKULU-RED,medium,85,105,Masvingo,{},zw
groundnuts,NATAL-COMMON,medium,85,105,Masvingo,{},zw
groundnuts,SC-NYANDA,medium,85,105,Masvingo,{},zw
groundnuts,VALENCIA,medium,85,105,Masvingo,{},zw
maize,P3812W,late,150,160,Masvingo,{},zw
maize,PAN-413,early,120,135,Masvingo,{},zw
maize,PAN-53,medium,135,150,Masvingo,{},zw
maize,PAN-7M81,late,150,160,Masvingo,{},zw
maize,PGS-51,medium,135,150,Masvingo,{},zw
maize,PGS-61,medium,135,150,Masvingo,{},zw
maize,PGS-63,medium,135,150,Masvingo,{},zw
maize,PGS-65,medium,135,150,Masvingo,{},zw
maize,PHB30G19,medium,135,150,Masvingo,{},zw
maize,PHB3506W,early,120,135,Masvingo,{},zw
maize,SC-419,early,120,135,Masvingo,{},zw
maize,SC-555,early,120,135,Masvingo,{},zw
maize,SC-659,medium,135,150,Masvingo,{},zw
maize,SC-727,late,150,160,Masvingo,{},zw
millet,FMV-1,late,130,145,Masvingo,{},zw
millet,FMV-2,late,130,145,Masvingo,{},zw
millet,PMV-1,medium,75,120,Masvingo,{},zw
millet,PMV-2,medium,75,120,Masvingo,{},zw
millet,PMV3,medium,75,120,Masvingo,{},zw
millet,TSHOLOTSHO,medium,75,120,Masvingo,{},zw
roundnuts,BLACK,late,110,150,Masvingo,{},zw
roundnuts,BROWN,late,110,150,Masvingo,{},zw
roundnuts,CREAM-BLACK-EYE,late,110,150,Masvingo,{},zw
roundnuts,CREAM-BROWN-EYE,late,110,150,Masvingo,{},zw
roundnuts,CREAM-NO-EYE,late,110,150,Masvingo,{},zw
roundnuts,RED,late,110,150,Masvingo,{},zw
sesame,GOLDEN/BROWN-SESAM,early,80,90,Masvingo,{},zw
sesame,WHITE-SESAME,early,80,90,Masvingo,{},zw
sorghum,MARCIA,medium,90,120,Masvingo,{},zw
sorghum,SC-SILA,medium,90,120,Masvingo,{},zw
sorghum,SHIRIKURE,medium,90,120,Masvingo,{},zw
sorghum,SV-1,medium,90,120,Masvingo,{},zw
sorghum,SV-2,medium,90,120,Masvingo,{},zw
sorghum,SV-3,medium,90,120,Masvingo,{},zw
sorghum,VUMBA,medium,90,120,Masvingo,{},zw
sunflower,MASASA,medium,80,120,Masvingo,{},zw
sunflower,PERODOVIC,medium,80,120,Masvingo,{},zw
sweet-potatoes,ALISHA,late,120,150,Masvingo,{},zw
sweet-potatoes,GERMANY-2,late,120,150,Masvingo,{},zw