id,forecast_type,country_code,language_code,storage_file,mimetype,label,downscaled_location,location
zmd-downscaled-eastern-2025-26.pdf,downscaled,zm,zm_en,zm/forecasts/downscaled/2025-26/zmd-downscaled-eastern-2025-26.pdf,application/pdf,2025 - 2026,eastern,[]
zmd-downscaled-eastern-2025-26.nya.pdf,downscaled,zm,zm_ny,zm/forecasts/downscaled/2025-26/zmd-downscaled-eastern-2025-26.nya.pdf,application/pdf,2025 - 2026,eastern,[]
zmd-downscaled-southern-2025-26.pdf,downscaled,zm,zm_en,zm/forecasts/downscaled/2025-26/zmd-downscaled-southern-2025-26.pdf,application/pdf,2025 - 2026,southern,[]
zmd-downscaled-luapula-2025-26.pdf,downscaled,zm,zm_en,zm/forecasts/downscaled/2025-26/zmd-downscaled-luapula-2025-26.pdf,application/pdf,2025 - 2026,luapula,[]
c139d571-723c-4013-8246-28b0a291becf,seasonal,zm,zm_en,zm/forecasts/ZMD Seasonal forecast 2025-26.pdf,application/pdf,2025 - 2026,,[]
2025/downscaled/balaka/mw_en,downscaled,mw,mw_en,mw/forecasts/downscaled/2025/balaka.mw_en.pdf,application/pdf,2025 - 2026,balaka,[]
2025/downscaled/balaka/mw_ny,downscaled,mw,mw_ny,mw/forecasts/downscaled/2025/balaka.mw_ny.pdf,application/pdf,2025 - 2026,balaka,[]
2025/downscaled/blantyre/mw_en,downscaled,mw,mw_en,mw/forecasts/downscaled/2025/blantyre.mw_en.pdf,application/pdf,2025 - 2026,blantyre,[]
2025/downscaled/blantyre/mw_ny,downscaled,mw,mw_ny,mw/forecasts/downscaled/2025/blantyre.mw_ny.pdf,application/pdf,2025 - 2026,blantyre,[]
2025/downscaled/chikwawa/mw_en,downscaled,mw,mw_en,mw/forecasts/downscaled/2025/chikwawa.mw_en.pdf,application/pdf,2025 - 2026,chikwawa,[]
2025/downscaled/chikwawa/mw_ny,downscaled,mw,mw_ny,mw/forecasts/downscaled/2025/chikwawa.mw_ny.pdf,application/pdf,2025 - 2026,chikwawa,[]
2025/downscaled/chiradzulu/mw_en,downscaled,mw,mw_en,mw/forecasts/downscaled/2025/chiradzulu.mw_en.pdf,application/pdf,2025 - 2026,chiradzulu,[]
2025/downscaled/chiradzulu/mw_ny,downscaled,mw,mw_ny,mw/forecasts/downscaled/2025/chiradzulu.mw_ny.pdf,application/pdf,2025 - 2026,chiradzulu,[]
2025/downscaled/chitipa/mw_en,downscaled,mw,mw_en,mw/forecasts/downscaled/2025/chitipa.mw_en.pdf,application/pdf,2025 - 2026,chitipa,[]
2025/downscaled/chitipa/mw_ny,downscaled,mw,mw_ny,mw/forecasts/downscaled/2025/chitipa.mw_ny.pdf,application/pdf,2025 - 2026,chitipa,[]
2025/downscaled/dedza/mw_en,downscaled,mw,mw_en,mw/forecasts/downscaled/2025/dedza.mw_en.pdf,application/pdf,2025 - 2026,dedza,[]
2025/downscaled/dedza/mw_ny,downscaled,mw,mw_ny,mw/forecasts/downscaled/2025/dedza.mw_ny.pdf,application/pdf,2025 - 2026,dedza,[]
2025/downscaled/dowa/mw_en,downscaled,mw,mw_en,mw/forecasts/downscaled/2025/dowa.mw_en.pdf,application/pdf,2025 - 2026,dowa,[]
2025/downscaled/dowa/mw_ny,downscaled,mw,mw_ny,mw/forecasts/downscaled/2025/dowa.mw_ny.pdf,application/pdf,2025 - 2026,dowa,[]
2025/downscaled/karonga/mw_en,downscaled,mw,mw_en,mw/forecasts/downscaled/2025/karonga.mw_en.pdf,application/pdf,2025 - 2026,karonga,[]
2025/downscaled/karonga/mw_ny,downscaled,mw,mw_ny,mw/forecasts/downscaled/2025/karonga.mw_ny.pdf,application/pdf,2025 - 2026,karonga,[]
2025/downscaled/kasungu/mw_en,downscaled,mw,mw_en,mw/forecasts/downscaled/2025/kasungu.mw_en.pdf,application/pdf,2025 - 2026,kasungu,[]
2025/downscaled/kasungu/mw_ny,downscaled,mw,mw_ny,mw/forecasts/downscaled/2025/kasungu.mw_ny.pdf,application/pdf,2025 - 2026,kasungu,[]
2025/downscaled/likoma/mw_en,downscaled,mw,mw_en,mw/forecasts/downscaled/2025/likoma.mw_en.pdf,application/pdf,2025 - 2026,likoma,[]
2025/downscaled/likoma/mw_ny,downscaled,mw,mw_ny,mw/forecasts/downscaled/2025/likoma.mw_ny.pdf,application/pdf,2025 - 2026,likoma,[]
2025/downscaled/lilongwe/mw_en,downscaled,mw,mw_en,mw/forecasts/downscaled/2025/lilongwe.mw_en.pdf,application/pdf,2025 - 2026,lilongwe,[]
2025/downscaled/lilongwe/mw_ny,downscaled,mw,mw_ny,mw/forecasts/downscaled/2025/lilongwe.mw_ny.pdf,application/pdf,2025 - 2026,lilongwe,[]
2025/downscaled/machinga/mw_en,downscaled,mw,mw_en,mw/forecasts/downscaled/2025/machinga.mw_en.pdf,application/pdf,2025 - 2026,machinga,[]
2025/downscaled/machinga/mw_ny,downscaled,mw,mw_ny,mw/forecasts/downscaled/2025/machinga.mw_ny.pdf,application/pdf,2025 - 2026,machinga,[]
2025/downscaled/mangochi/mw_en,downscaled,mw,mw_en,mw/forecasts/downscaled/2025/mangochi.mw_en.pdf,application/pdf,2025 - 2026,mangochi,[]
2025/downscaled/mangochi/mw_ny,downscaled,mw,mw_ny,mw/forecasts/downscaled/2025/mangochi.mw_ny.pdf,application/pdf,2025 - 2026,mangochi,[]
2025/downscaled/mchinji/mw_en,downscaled,mw,mw_en,mw/forecasts/downscaled/2025/mchinji.mw_en.pdf,application/pdf,2025 - 2026,mchinji,[]
2025/downscaled/mchinji/mw_ny,downscaled,mw,mw_ny,mw/forecasts/downscaled/2025/mchinji.mw_ny.pdf,application/pdf,2025 - 2026,mchinji,[]
2025/downscaled/mulanje/mw_en,downscaled,mw,mw_en,mw/forecasts/downscaled/2025/mulanje.mw_en.pdf,application/pdf,2025 - 2026,mulanje,[]
2025/downscaled/mulanje/mw_ny,downscaled,mw,mw_ny,mw/forecasts/downscaled/2025/mulanje.mw_ny.pdf,application/pdf,2025 - 2026,mulanje,[]
2025/downscaled/mwanza/mw_en,downscaled,mw,mw_en,mw/forecasts/downscaled/2025/mwanza.mw_en.pdf,application/pdf,2025 - 2026,mwanza,[]
2025/downscaled/mwanza/mw_ny,downscaled,mw,mw_ny,mw/forecasts/downscaled/2025/mwanza.mw_ny.pdf,application/pdf,2025 - 2026,mwanza,[]
2025/downscaled/mzimba/mw_en,downscaled,mw,mw_en,mw/forecasts/downscaled/2025/mzimba.mw_en.pdf,application/pdf,2025 - 2026,mzimba,[]
2025/downscaled/mzimba/mw_ny,downscaled,mw,mw_ny,mw/forecasts/downscaled/2025/mzimba.mw_ny.pdf,application/pdf,2025 - 2026,mzimba,[]
2025/downscaled/nkhata_bay/mw_en,downscaled,mw,mw_en,mw/forecasts/downscaled/2025/nkhata_bay.mw_en.pdf,application/pdf,2025 - 2026,nkhata_bay,[]
2025/downscaled/nkhata_bay/mw_ny,downscaled,mw,mw_ny,mw/forecasts/downscaled/2025/nkhata_bay.mw_ny.pdf,application/pdf,2025 - 2026,nkhata_bay,[]
2025/downscaled/nkhotakota/mw_en,downscaled,mw,mw_en,mw/forecasts/downscaled/2025/nkhotakota.mw_en.pdf,application/pdf,2025 - 2026,nkhotakota,[]
2025/downscaled/nkhotakota/mw_ny,downscaled,mw,mw_ny,mw/forecasts/downscaled/2025/nkhotakota.mw_ny.pdf,application/pdf,2025 - 2026,nkhotakota,[]
2025/downscaled/nneno/mw_en,downscaled,mw,mw_en,mw/forecasts/downscaled/2025/nneno.mw_en.pdf,application/pdf,2025 - 2026,nneno,[]
2025/downscaled/nneno/mw_ny,downscaled,mw,mw_ny,mw/forecasts/downscaled/2025/nneno.mw_ny.pdf,application/pdf,2025 - 2026,nneno,[]
2025/downscaled/nsanje/mw_en,downscaled,mw,mw_en,mw/forecasts/downscaled/2025/nsanje.mw_en.pdf,application/pdf,2025 - 2026,nsanje,[]
2025/downscaled/nsanje/mw_ny,downscaled,mw,mw_ny,mw/forecasts/downscaled/2025/nsanje.mw_ny.pdf,application/pdf,2025 - 2026,nsanje,[]
2025/downscaled/ntcheu/mw_en,downscaled,mw,mw_en,mw/forecasts/downscaled/2025/ntcheu.mw_en.pdf,application/pdf,2025 - 2026,ntcheu,[]
2025/downscaled/ntcheu/mw_ny,downscaled,mw,mw_ny,mw/forecasts/downscaled/2025/ntcheu.mw_ny.pdf,application/pdf,2025 - 2026,ntcheu,[]
2025/downscaled/ntchisi/mw_en,downscaled,mw,mw_en,mw/forecasts/downscaled/2025/ntchisi.mw_en.pdf,application/pdf,2025 - 2026,ntchisi,[]
2025/downscaled/ntchisi/mw_ny,downscaled,mw,mw_ny,mw/forecasts/downscaled/2025/ntchisi.mw_ny.pdf,application/pdf,2025 - 2026,ntchisi,[]
2025/downscaled/phalombe/mw_en,downscaled,mw,mw_en,mw/forecasts/downscaled/2025/phalombe.mw_en.pdf,application/pdf,2025 - 2026,phalombe,[]
2025/downscaled/phalombe/mw_ny,downscaled,mw,mw_ny,mw/forecasts/downscaled/2025/phalombe.mw_ny.pdf,application/pdf,2025 - 2026,phalombe,[]
2025/downscaled/rumphi/mw_en,downscaled,mw,mw_en,mw/forecasts/downscaled/2025/rumphi.mw_en.pdf,application/pdf,2025 - 2026,rumphi,[]
2025/downscaled/rumphi/mw_ny,downscaled,mw,mw_ny,mw/forecasts/downscaled/2025/rumphi.mw_ny.pdf,application/pdf,2025 - 2026,rumphi,[]
2025/downscaled/salima/mw_en,downscaled,mw,mw_en,mw/forecasts/downscaled/2025/salima.mw_en.pdf,application/pdf,2025 - 2026,salima,[]
2025/downscaled/salima/mw_ny,downscaled,mw,mw_ny,mw/forecasts/downscaled/2025/salima.mw_ny.pdf,application/pdf,2025 - 2026,salima,[]
2025/downscaled/thyolo/mw_en,downscaled,mw,mw_en,mw/forecasts/downscaled/2025/thyolo.mw_en.pdf,application/pdf,2025 - 2026,thyolo,[]
2025/downscaled/thyolo/mw_ny,downscaled,mw,mw_ny,mw/forecasts/downscaled/2025/thyolo.mw_ny.pdf,application/pdf,2025 - 2026,thyolo,[]
2025/downscaled/zomba/mw_en,downscaled,mw,mw_en,mw/forecasts/downscaled/2025/zomba.mw_en.pdf,application/pdf,2025 - 2026,zomba,[]
2025/downscaled/zomba/mw_ny,downscaled,mw,mw_ny,mw/forecasts/downscaled/2025/zomba.mw_ny.pdf,application/pdf,2025 - 2026,zomba,[]
2025/seasonal_summary/mw_en,seasonal,mw,mw_en,mw/forecasts/seasonal/2025/summary.mw_en.pdf,application/pdf,2025 - 2026 Summary,,[]
2025/seasonal/mw_en,seasonal,mw,mw_en,mw/forecasts/seasonal/2025/mw_en.pdf,application/pdf,2025 - 2026 Outlook,,[]
