Year,Start,End,Length,Rainfall
1999,,291,,
2000,126,296,170,1200
2001,140,291,151,826
2002,126,293,167,881
2003,150,292,142,
2004,184,249,65,333
2005,152,284,132,1165
2006,177,252,75,528
2007,146,282,136,
2008,146,283,137,1035
2009,,278,,
2010,146,280,134,1169
2011,,285,,
2012,124,272,148,
2013,,280,,
2014,166,258,92,662
2015,,245,,
2016,150,277,127,
2017,168,281,113,1079
2018,161,245,84,455
2019,135,269,134,
2020,135,270,135,1215
2021,169,299,130,959
2022,125,259,134,901
2023,176,266,90,
2024,170,270,100,967
2025,,295,,
