Year,Start,End,Length,Rainfall,max_tmax,max_tmin,min_tmax,min_tmin,mean_tmax,mean_tmin,Extreme_events
1949,,296,,,,,,,,,
1950,158,275,117,791,36.3,,,9.3,27.4,15.8,
1951,118,268,150,1123,36,,,7.8,28.1,16.1,
1952,151,295,144,1162,37.4,,,8.9,27.8,16.1,
1953,144,267,123,731,36.7,,,7.7,28.1,15.8,
1954,131,279,148,1075,37.3,,,6.7,28,16.3,
1955,151,286,135,944,36.4,,,6.9,27.1,16.3,
1956,133,282,149,817,35.4,,,9.4,26.7,16,
1957,161,271,110,1070,37.1,,,8.7,28,16.7,
1958,131,274,143,1001,36.6,,,8.3,27.7,16.3,
1959,125,281,156,831,36.4,,,10,27.9,16.6,
1960,131,297,166,1132,35,,,8.8,27.8,16.6,
1961,132,296,164,1268,36.8,,,8.9,27.4,16.8,
1962,133,281,148,909,35.6,,,9.2,27.4,16.1,
1963,138,261,123,818,36.1,,,7.8,27.3,15.8,
1964,145,264,119,814,36.1,,,6.2,27.7,15.9,
1965,128,277,149,714,35.2,,,8.2,27.4,15.8,
1966,163,293,130,931,36.3,,,8.4,28.4,16.7,
1967,120,275,155,615,35.8,,,7.2,27.4,16.6,
1968,125,289,164,1024,36.6,,,6.8,27.9,16.5,
1969,153,246,93,706,35.9,,,9.1,28,16.8,
1970,129,274,145,1162,35.8,,,9,28.3,16.5,
1971,155,281,126,700,36.4,,,8.6,28,16,
1972,176,283,107,599,36.3,,,7.2,28.1,16.5,
1973,121,290,169,1068,39.4,,,1.2,28.3,16.5,
1974,160,274,114,610,37.3,,,8,27.7,16,
1975,150,301,151,1147,36.8,,,6.9,28.2,16.4,
1976,160,289,129,923,36.5,,,2.2,27.3,15.9,
1977,135,305,170,1226,37.2,,,6.8,28.6,16.8,
1978,152,253,101,586,37.1,,,1.9,28.6,16.7,
1979,141,302,161,1036,36.4,,,8.9,28.5,16.8,
1980,149,276,127,1110,37.5,,,8.5,28.8,17,
1981,147,259,112,703,37.4,,,6.8,28.7,16.3,
1982,147,272,125,754,35.9,,,9.2,28.2,16.5,
1983,147,284,137,839,37.6,,,9.5,29.9,17.6,
1984,133,299,166,1257,36.7,,,9.1,28.8,16.8,
1985,129,291,162,978,35.2,,,6.6,27.6,16.2,
1986,180,260,80,411,35.7,,,1.1,27.8,16.2,
1987,150,290,140,910,,,,8.1,,17.1,
1988,104,294,190,1180,36.3,,,8.1,28.4,16.7,
1989,139,259,120,940,37,,,8,28,16.5,
1990,138,285,147,738,39.5,,,9.6,28.8,16.9,
1991,161,245,84,314,35.2,,,1.3,28.5,16.7,
1992,161,285,124,1078,36.7,,,,29.2,,
1993,133,255,122,758,,,,,,,
1994,152,260,108,474,,,,7.6,,16.9,
1995,160,280,120,925,37.4,,,9,29.4,17.5,
1996,147,267,120,888,36.6,,,8.3,28.2,17,
1997,137,256,119,744,37.1,,,10.2,28.2,17,
1998,149,298,149,1062,37.3,,,9.6,29.4,17.4,
1999,147,302,155,916,37.1,,,8.8,28.3,16.7,
2000,124,293,169,1150,36.7,,,8.4,28.1,16.7,
2001,140,255,115,740,36.7,,,9.2,28.8,17,
2002,148,298,150,1092,37.2,,,7.8,29.3,17.3,
2003,162,290,128,711,37.3,,,9.1,29.1,16.9,
2004,139,245,106,632,37.3,,,8,28.7,16.7,
2005,150,288,138,787,38.2,,,10.3,29.9,17.6,
2006,,261,,,,,,,,,
2007,141,272,131,797,37,,,8.6,29.1,17.2,
2008,141,285,144,983,37.8,,,9.5,29.1,16.9,
2009,143,293,150,999,36.3,,,6.9,29.2,17,
2010,146,292,146,801,38,,,9.4,29.2,17.8,
2011,146,290,144,988,39,,,10.3,29.4,17.5,
2012,150,275,125,837,38.5,,,9,29.5,17.5,
2013,167,287,120,748,38,,,8.2,29.2,17.4,
2014,172,286,114,769,38.3,,,9,29.5,17.6,
2015,,286,,,38,,,9.5,29.7,17.4,
2016,138,277,139,1045,,,,4.5,,17,
2017,134,279,145,710,39,,,10.5,29.2,16.8,
2018,143,260,117,694,37.5,,,7.5,29.6,16.8,
2019,150,261,111,864,,,,6.4,,17.3,
2020,155,283,128,956,,,,,,,
2021,172,257,85,554,39,,,,29.5,,
2022,135,272,137,1096,38,,,,29.2,,
2023,167,250,83,455,38,,,,29.9,,
2024,136,298,162,864,,,,,,,
2025,133,296,163,1073,,,,,,,
